Designator,Val,Package,Mid X,Mid Y,Rotation,Layer
C1,100n,C_0603,54.16,43.93,180.0,top
C10,100n,C_0603,67.801031,-31.248474,-90.0,top
C100,100n,C_0603,22.06,42.68,0.0,top
C101,2.2µ,C_0603,12.85,8.67,-90.0,top
C102,2.2µ,C_0603,14.58,31.7,90.0,top
C103,100n,C_0603,14.8275,16.395,-90.0,top
C104,100n,C_0603,14.58,29.03,-90.0,top
C105,100n,C_0603,16.7875,15.375,180.0,top
C106,100n,C_0603,16.54,28.01,180.0,top
C107,100n,C_0603,20.9775,15.515,0.0,top
C108,100n,C_0603,20.73,28.15,0.0,top
C109,10µ,C_0805,20.8775,12.325,0.0,top
C11,18p,C_0603,83.801031,-32.248474,0.0,top
C110,10µ,C_0805,20.63,26.71,0.0,top
C111,10µ,C_0805,20.8775,14.075,0.0,top
C112,100n,C_0603,88.81,45.18,0.0,top
C113,100n,C_0603,70.31,20.43,-90.0,top
C114,100n,C_0603,92.06,26.43,180.0,top
C115,100n,C_0603,88.81,28.68,180.0,top
C116,100n,C_0603,70.31,3.93,-90.0,top
C117,100n,C_0603,92.06,9.93,180.0,top
C118,100n,C_0603,88.81,12.18,180.0,top
C119,100n,C_0603,32.56,11.18,0.0,top
C12,100n,C_0603,68.81,6.68,90.0,top
C120,100n,C_0603,6.74,10.72,180.0,top
C121,100n,C_0603,5.72,8.76,90.0,top
C122,100n,C_0603,5.86,4.57,-90.0,top
C123,10µ,C_0805,2.67,4.67,-90.0,top
C124,10µ,C_0805,4.42,4.67,-90.0,top
C125,100n,C_0603,29.81,8.43,0.0,top
C126,100n,C_0603,29.81,7.18,0.0,top
C127,100n,C_0603,83.801031,-28.498474,180.0,top
C128,100n,C_0603,84.201031,-19.368474,0.0,top
C129,2.2µ,C_0603,58.684364,-16.598474,90.0,top
C13,100n,C_0603,68.81,23.18,90.0,top
C130,100n,C_0603,11.56,42.68,0.0,top
C131,10µ,C_0805,19.06,6.18,90.0,top
C132,10µ,C_0805,20.63,24.96,0.0,top
C133,2.2µ,C_0603,9.465,10.72,0.0,top
C134,2.2µ,C_0603,7.09,4.57,-90.0,top
C135,2.2µ,C_0603,20.9775,16.745,0.0,top
C136,2.2µ,C_0603,20.73,29.38,0.0,top
C137,2.2µ,C_0603,14.8275,19.065,90.0,top
C138,100n,C_0603,10.89,-48.31,-90.0,top
C139,2.2µ,C_0603,21.81,35.43,90.0,top
C14,10µ,C_0805,60.367697,-16.348474,-90.0,top
C140,2.2µ,C_0603,20.56,35.43,90.0,top
C141,2.2µ,C_0603,70.301031,-31.248474,90.0,top
C142,2.2µ,C_0603,19.31,35.43,90.0,top
C144,2.2µ,C_0603,23.06,35.43,90.0,top
C145,10µ,C_0805,94.861031,-35.518474,0.0,top
C146,1n,C_0603,56.801031,-22.248474,0.0,top
C147,1n,C_0603,83.801031,-29.748474,0.0,top
C148,1n,C_0603,56.801031,-23.898474,0.0,top
C149,1n,C_0603,56.801031,-25.448474,0.0,top
C15,100n,C_0603,89.121031,-32.748474,-90.0,top
C150,1n,C_0603,56.801031,-27.048474,0.0,top
C16,100n,C_0603,57.06,25.18,0.0,top
C17,100n,C_0603,92.81,42.83,-90.0,top
C18,2.2µ,C_0603,20.56,5.93,90.0,top
C19,100n,C_0603,46.96,-2.77,180.0,top
C2,100n,C_0603,69.551031,-24.748474,180.0,top
C20,18p,C_0603,74.301031,-34.748474,-90.0,top
C21,1n,C_0603,56.801031,-19.048474,0.0,top
C22,1n,C_0603,56.801031,-20.648474,0.0,top
C23,18p,C_0603,73.051031,-34.748474,-90.0,top
C24,18p,C_0603,65.31,10.18,90.0,top
C25,18p,C_0603,65.31,26.68,90.0,top
C26,18p,C_0603,63.56,0.43,180.0,top
C27,18p,C_0603,63.56,16.93,180.0,top
C29,100n,C_0603,32.56,13.93,0.0,top
C30,100n,C_0603,46.96,-11.47,0.0,top
C31,18p,C_0603,27.81,19.43,0.0,top
C32,18p,C_0603,30.56,16.18,90.0,top
C33,18p,C_0603,75.551031,-34.748474,-90.0,top
C35,10µ,C_0805,92.991031,-26.308474,90.0,top
C36,100n,C_0603,61.81,26.68,-90.0,top
C37,100n,C_0603,61.81,10.18,-90.0,top
C39,18p,C_0603,83.801031,-33.498474,0.0,top
C4,10µ,C_0805,91.301031,-26.308474,90.0,top
C40,100n,C_0603,10.89,-45.7,90.0,top
C41,100n,C_0603,77.551031,-45.748474,0.0,top
C42,2.2µ,C_0603,53.99,-40.46,0.0,top
C43,2.2µ,C_0603,52.0,-38.13,0.0,top
C44,2.2µ,C_0603,51.96,-32.96,0.0,top
C45,18p,C_0603,76.801031,-34.748474,-90.0,top
C46,1n,C_0603,38.06,3.93,-90.0,top
C47,1n,C_0603,40.56,3.93,-90.0,top
C48,1n,C_0603,41.81,3.93,-90.0,top
C49,1n,C_0603,39.31,3.93,-90.0,top
C5,18p,C_0603,69.551031,-26.248474,0.0,top
C50,2.2µ,C_0603,88.681031,-26.708474,90.0,top
C500,1n,C_0603,56.801031,-14.298474,0.0,top
C51,10µ,C_0805,83.551031,-47.748474,180.0,top
C52,1n,C_0603,29.81,11.18,0.0,top
C53,100n,C_0603,82.81,34.18,90.0,top
C54,100n,C_0603,82.81,39.68,90.0,top
C55,100n,C_0603,71.31,38.68,90.0,top
C56,100n,C_0603,82.81,45.18,90.0,top
C57,18p,C_0603,71.551031,-32.248474,-90.0,top
C58,100n,C_0603,87.211031,-35.468474,-90.0,top
C59,1n,C_0603,29.81,9.93,0.0,top
C6,18p,C_0603,61.88,-31.39,-90.0,top
C60,100n,C_0603,89.951031,-26.708474,90.0,top
C61,100n,C_0603,47.56,40.93,-90.0,top
C62,2.2µ,C_0603,11.56,8.67,-90.0,top
C63,100n,C_0603,57.201031,-16.598474,90.0,top
C64,1n,C_0603,32.56,7.18,180.0,top
C65,2.2µ,C_0603,32.56,9.93,0.0,top
C66,100n,C_0603,38.06,40.93,-90.0,top
C67,100n,C_0603,29.81,5.93,0.0,top
C68,10µ,C_0805,94.861031,-37.448474,0.0,top
C69,10µ,C_0805,90.437697,-35.868474,-90.0,top
C7,100n,C_0603,69.551031,-23.498474,180.0,top
C70,10µ,C_0805,88.724364,-35.868474,-90.0,top
C71,100n,C_0603,82.81,1.18,90.0,top
C72,100n,C_0603,82.81,17.68,90.0,top
C73,100n,C_0603,82.81,6.68,90.0,top
C74,100n,C_0603,82.81,23.18,90.0,top
C75,100n,C_0603,82.81,28.68,90.0,top
C76,100n,C_0603,82.81,12.18,90.0,top
C77,100n,C_0603,32.56,16.93,0.0,top
C78,100n,C_0603,79.301031,-34.748474,90.0,top
C79,100n,C_0603,83.55,-24.16,180.0,top
C8,2.2µ,C_0603,16.31,5.93,90.0,top
C80,100n,C_0603,32.56,12.68,0.0,top
C81,1n,C_0603,32.56,5.93,180.0,top
C82,100n,C_0603,72.201031,-20.57,-90.0,top
C83,100n,C_0603,69.551031,-29.248474,0.0,top
C84,100n,C_0603,36.81,3.93,90.0,top
C85,100n,C_0603,49.31,4.93,90.0,top
C86,100n,C_0603,54.06,21.93,180.0,top
C87,100n,C_0603,36.56,25.93,-90.0,top
C88,2.2µ,C_0603,48.06,4.93,-90.0,top
C89,100n,C_0603,32.56,19.18,0.0,top
C9,100n,C_0603,79.951031,-16.868474,180.0,top
C90,2.2µ,C_0603,54.06,20.43,0.0,top
C91,100n,C_0603,-0.44,12.93,180.0,top
C94,100n,C_0603,-0.44,19.93,180.0,top
C95,100n,C_0603,-0.44,26.93,180.0,top
C96,100n,C_0603,15.06,5.93,90.0,top
C97,10µ,C_0805,92.151031,-35.868474,-90.0,top
C98,100n,C_0603,29.07,30.64,-90.0,top
C99,100n,C_0603,17.56,5.93,90.0,top
D1,red,LED-0805-SIDE,94.001031,-21.468474,-90.0,top
D10,ES1J R2,SMA_Standard,83.6385,-37.871006,45.0,top
D11,ES1J R2,SMA_Standard,92.551031,-49.498474,0.0,top
D12,SS34A,SMA_Standard,17.88,22.41,0.0,top
D13,SS34A,SMA_Standard,0.12,7.42,-90.0,top
D14,green,LED-0805-SIDE,-0.55,22.71098,90.0,top
D15,green,LED-0805-SIDE,-0.55,29.71098,90.0,top
D16,red,LED-0805-SIDE,50.535,45.37,0.0,top
D17,yellow,LED-0805-SIDE,45.285,45.37,0.0,top
D18,green,LED-0805-SIDE,40.035,45.37,0.0,top
D19,green,LED-0805-SIDE,11.535,45.37,0.0,top
D2,ES1J R2,SMA_Standard,6.56,15.68,90.0,top
D20,green,LED-0805-SIDE,22.035,45.37,0.0,top
D22,SMAJ24A TVS 24V,SMA_Standard,1.81,44.43,0.0,top
D24,green,LED-0805-SIDE,-0.55,38.71098,90.0,top
D3,ES1J R2,SMA_Standard,6.56,22.68,90.0,top
D4,green,LED-0805-SIDE,-0.5,15.735279,90.0,top
D5,ES1J R2,SMA_Standard,6.56,29.68,90.0,top
D6,SS34A,SMA_Standard,94.961031,-30.280974,90.0,top
D7,ES1J R2,SMA_Standard,32.51,24.43,-90.0,top
D8,green,LED-0805-SIDE,-0.49,-46.36,90.0,top
D9,SS34A,SMA_Standard,18.1275,9.775,0.0,top
L1,220r 700mA,R_0603,69.051031,-31.248474,-90.0,top
L10,220r 700mA,R_0603,70.31,1.18,-90.0,top
L11,220r 700mA,R_0603,84.31,12.18,-90.0,top
L3,220r 700mA,R_0603,32.56,8.68,180.0,top
L7,220r 700mA,R_0603,84.31,45.18,90.0,top
L8,220r 700mA,R_0603,70.31,17.68,-90.0,top
L9,220r 700mA,R_0603,84.31,28.68,-90.0,top
P1,USB_C_Receptacle_USB2.0,USB_C_Receptacle_GCT_USB4105-xx-A_16P_TopMnt_Horizontal,60.56,42.98,180.0,top
P11,USB_C_Receptacle_USB2.0,USB_C_Receptacle_GCT_USB4105-xx-A_16P_TopMnt_Horizontal,90.74,-14.27,90.0,top
Q1,IRLML6344,SOT-23,10.31,16.68,0.0,top
Q2,IRLML6344,SOT-23,10.31,23.68,0.0,top
Q3,IRLML6344,SOT-23,10.31,30.68,0.0,top
Q4,IRLML6344,SOT-23,34.31,29.68,180.0,top
Q5,IRLML6344,SOT-23,7.0925,-45.39,90.0,top
R1,120,R_0603,54.16,45.23,180.0,top
R10,22,R_0603,10.06,19.68,0.0,top
R100,470,R_0603,63.601031,-33.498474,-90.0,top
R101,1k,R_0603,73.31,29.93,-90.0,top
R102,1k,R_0603,73.31,35.43,-90.0,top
R103,1k,R_0603,61.81,34.43,-90.0,top
R104,1k,R_0603,73.31,40.93,-90.0,top
R105,1k,R_0603,14.56,35.93,0.0,top
R106,10k,R_0603,24.06,37.43,0.0,top
R107,15k,R_0603,63.601031,-30.748474,90.0,top
R108,1k,R_0603,26.81,37.43,0.0,top
R109,120,R_0603,82.81,14.93,90.0,top
R11,22,R_0603,10.06,26.68,0.0,top
R110,120,R_0603,82.81,-1.57,90.0,top
R111,120,R_0603,82.81,20.43,90.0,top
R112,120,R_0603,82.81,3.93,90.0,top
R113,120,R_0603,82.81,9.43,90.0,top
R114,120,R_0603,82.81,25.93,90.0,top
R115,3.9k,R_0603,83.801031,-30.948474,0.0,top
R116,10k,R_0603,23.69,5.87,-90.0,top
R117,1k,R_0603,23.69,3.12,-90.0,top
R118,1k,R_0603,69.551031,-27.748474,180.0,top
R119,1k,R_0603,26.81,35.93,180.0,top
R12,1k,R_0603,10.06,14.18,0.0,top
R120,470,R_0603,11.56,43.93,0.0,top
R121,1k,R_0603,22.37,3.12,90.0,top
R122,1k,R_0603,22.37,5.87,90.0,top
R123,1k,R_0603,73.31,13.43,-90.0,top
R124,1k,R_0603,73.31,-2.82,-90.0,top
R125,1k,R_0603,73.31,18.93,-90.0,top
R126,1k,R_0603,73.31,2.43,-90.0,top
R127,1k,R_0603,73.31,7.93,-90.0,top
R128,1k,R_0603,73.31,24.43,-90.0,top
R129,100,R_0603,59.401031,-27.048474,180.0,top
R13,1k,R_0603,10.06,21.18,0.0,top
R130,120,R_0603,68.81,17.68,90.0,top
R131,120,R_0603,68.81,1.18,90.0,top
R132,10k,R_0603,10.29,8.67,90.0,top
R133,51k,R_0603,10.26,6.18,90.0,top
R134,470,R_0603,22.06,44.18,0.0,top
R135,10k,R_0603,95.81,19.68,0.0,top
R136,1k,R_0603,95.81,18.43,180.0,top
R137,10k,R_0603,93.81,24.43,0.0,top
R138,10k,R_0603,95.81,3.18,0.0,top
R139,1k,R_0603,95.81,1.93,180.0,top
R14,1k,R_0603,10.06,28.18,0.0,top
R140,10k,R_0603,93.81,7.93,0.0,top
R141,51k,R_0603,7.64,-47.7,0.0,top
R142,10k,R_0603,7.64,-48.95,180.0,top
R143,1.5k,R_0603,87.801031,-49.998474,90.0,top
R144,5.1k,R_0603,8.32,4.57,-90.0,top
R145,1.5k,R_0603,20.9775,17.975,0.0,top
R146,5.1k,R_0603,20.73,30.61,0.0,top
R147,22,R_0603,70.31,23.18,90.0,top
R148,22,R_0603,70.31,6.68,90.0,top
R149,3.9k,R_0603,-0.19,35.18,0.0,top
R15,1k,R_0603,87.403031,-26.688474,-90.0,top
R152,5.1k,R_0603,62.36,37.53,90.0,top
R153,1k,R_0603,32.56,15.43,180.0,top
R154,22,R_0603,16.81,35.43,90.0,top
R159,22,R_0603,12.19,10.66,180.0,top
R16,1k,R_0603,85.801031,-50.748474,0.0,top
R160,22,R_0603,18.06,35.43,90.0,top
R161,3.9k,R_0603,62.051031,-16.598474,90.0,top
R162,100,R_0603,59.401031,-25.448474,180.0,top
R163,22,R_0603,13.39,-45.7,90.0,top
R164,3.9k,R_0603,9.64,-45.7,-90.0,top
R165,1k,R_0603,12.14,-45.7,-90.0,top
R166,3.9k,R_0603,7.06,-42.57,180.0,top
R167,22,R_0603,4.38,-42.54,180.0,top
R168,100,R_0603,59.401031,-23.898474,180.0,top
R169,100,R_0603,59.401031,-22.248474,180.0,top
R17,470,R_0603,88.81,30.18,0.0,top
R170,100,R_0603,59.401031,-20.648474,180.0,top
R171,100,R_0603,59.401031,-19.048474,180.0,top
R172,5.1k,R_0603,86.27,-16.86,90.0,top
R173,5.1k,R_0603,85.5,-9.99,0.0,top
R174,1.5k,R_0603,85.501031,-11.268474,180.0,top
R175,22,R_0603,85.501031,-12.568474,0.0,top
R176,22,R_0603,85.501031,-13.868474,0.0,top
R177,5.1k,R_0603,58.36,37.43,90.0,top
R18,470,R_0603,88.81,41.68,0.0,top
R19,15k,R_0603,86.101031,-28.258474,90.0,top
R2,1k,R_0603,74.59,-20.56,90.0,top
R20,3.9k,R_0603,-0.44,18.43,0.0,top
R21,51k,R_0603,88.151031,-28.968474,180.0,top
R22,3.9k,R_0603,-0.44,25.43,0.0,top
R23,120,R_0603,68.81,3.93,90.0,top
R24,120,R_0603,68.81,20.43,90.0,top
R25,120,R_0603,70.31,25.93,90.0,top
R26,120,R_0603,70.31,9.43,90.0,top
R27,249k,R_1206,30.141031,-34.858474,0.0,top
R28,249k,R_1206,34.871031,-34.838474,0.0,top
R29,3.9k,R_0603,35.591031,-33.138474,180.0,top
R3,470,R_0603,88.81,13.68,0.0,top
R30,1k,R_0603,1.1,-47.36,90.0,top
R31,120,R_0603,91.31,42.93,-90.0,top
R32,249k,R_1206,30.151031,-30.128474,0.0,top
R33,249k,R_1206,34.881031,-30.108474,0.0,top
R34,3.9k,R_0603,35.601031,-28.378474,180.0,top
R35,10k,R_0603,16.8275,19.945,180.0,top
R36,10k,R_0603,67.56,25.93,0.0,top
R37,10k,R_0603,67.56,9.43,0.0,top
R38,10k,R_0603,67.56,10.93,0.0,top
R39,10k,R_0603,67.56,27.43,0.0,top
R4,470,R_0603,88.81,-3.07,0.0,top
R40,22,R_0603,34.31,33.68,180.0,top
R41,10k,R_0603,66.56,0.43,0.0,top
R42,10k,R_0603,66.56,16.93,0.0,top
R43,10k,R_0603,64.56,-1.07,0.0,top
R44,10k,R_0603,64.56,15.43,0.0,top
R45,1k,R_0603,34.31,32.18,180.0,top
R46,470,R_0603,66.101031,-33.498474,-90.0,top
R47,15k,R_0603,67.31,20.43,-90.0,top
R48,15k,R_0603,67.31,3.93,-90.0,top
R49,15k,R_0603,67.31,6.68,90.0,top
R5,470,R_0603,88.81,8.43,0.0,top
R50,15k,R_0603,67.31,23.18,90.0,top
R51,249k,R_1206,30.161031,-25.388474,0.0,top
R52,249k,R_1206,34.891031,-25.368474,0.0,top
R53,3.9k,R_0603,35.611031,-23.668474,180.0,top
R54,15k,R_0603,61.81,-1.07,0.0,top
R55,15k,R_0603,61.81,15.43,0.0,top
R56,15k,R_0603,63.31,26.68,90.0,top
R57,15k,R_0603,63.31,10.18,90.0,top
R58,15k,R_0603,66.101031,-30.748474,90.0,top
R59,3.9k,R_0603,16.58,32.58,180.0,top
R6,470,R_0603,88.81,24.93,0.0,top
R60,51k,R_0603,20.97,19.2,180.0,top
R61,1k,R_0603,40.06,28.43,-90.0,top
R62,10k,R_0603,95.81,33.43,180.0,top
R63,1k,R_0603,82.81,31.43,90.0,top
R64,10k,R_0603,88.81,34.43,180.0,top
R65,10k,R_0603,95.81,35.43,180.0,top
R66,1k,R_0603,82.81,36.93,90.0,top
R67,10k,R_0603,88.81,38.43,180.0,top
R68,10k,R_0603,95.81,37.43,180.0,top
R69,1k,R_0603,71.31,35.93,90.0,top
R7,10k,R_0603,9.64,-48.31,-90.0,top
R70,10k,R_0603,88.81,36.43,180.0,top
R71,10k,R_0603,95.81,39.43,180.0,top
R72,1k,R_0603,82.81,42.43,90.0,top
R73,10k,R_0603,88.81,40.43,180.0,top
R74,3.9k,R_0603,-0.44,32.43,0.0,top
R75,1k,R_0603,1.1,-44.76,90.0,top
R76,470,R_0603,48.06,45.18,-90.0,top
R77,249k,R_1206,67.401031,-48.948474,90.0,top
R78,249k,R_1206,67.401031,-43.748474,90.0,top
R79,3.9k,R_0603,67.401031,-39.398474,90.0,top
R8,470,R_0603,91.051031,-20.078474,0.0,top
R80,0.002,R_2512,20.501031,-11.348474,180.0,top
R81,0.002,R_2512,20.501031,-15.848474,180.0,top
R82,0.002,R_2512,20.551031,-20.598474,180.0,top
R83,470,R_0603,42.81,45.18,-90.0,top
R84,470,R_0603,64.851031,-33.498474,-90.0,top
R85,470,R_0603,37.56,45.18,-90.0,top
R86,22,R_0603,60.31,17.43,-90.0,top
R87,22,R_0603,60.31,0.93,-90.0,top
R88,22,R_0603,60.31,9.18,90.0,top
R89,22,R_0603,60.31,25.68,90.0,top
R9,22,R_0603,10.06,12.68,0.0,top
R90,15k,R_0603,64.851031,-30.748474,90.0,top
R91,1k,R_0603,83.051031,-50.748474,0.0,top
R92,15k,R_0603,85.801031,-49.498474,180.0,top
R93,470,R_0603,60.31,20.18,90.0,top
R94,470,R_0603,60.31,3.68,90.0,top
R95,470,R_0603,60.31,22.93,-90.0,top
R96,470,R_0603,60.31,6.43,-90.0,top
R97,51k,R_0603,19.12,32.55,180.0,top
R98,10k,R_0603,14.56,37.43,0.0,top
R99,1k,R_0603,17.31,37.43,0.0,top
U1,USBLC6-4SC6,SOT-23-6,57.06,27.68,180.0,top
U10,SN65176B,SOIC-8-N,66.56,35.93,270.0,top
U11,SN65176B,SOIC-8-N,78.06,42.43,270.0,top
U13,RT8259,SOT-23-6,17.39,17.73,90.0,top
U14,SN65176B,SOIC-8-N,78.06,14.93,270.0,top
U15,SN65176B,SOIC-8-N,78.06,-1.57,270.0,top
U16,SN65176B,SOIC-8-N,78.06,3.93,270.0,top
U17,SN65176B,SOIC-8-N,78.06,20.43,270.0,top
U18,SN65176B,SOIC-8-N,78.06,25.93,270.0,top
U19,SN65176B,SOIC-8-N,78.06,9.43,270.0,top
U2,zldo1117,SOT-223,18.06,-0.32,90.0,top
U20,USBLC6-4SC6,SOT-23-6,45.31,40.43,0.0,top
U21,USBLC6-4SC6,SOT-23-6,79.301031,-14.368474,180.0,top
U22,USBLC6-4SC6,SOT-23-6,40.31,40.43,0.0,top
U23,USBLC6-4SC6,SOT-23-6,26.56,9.18,90.0,top
U24,RT8259,SOT-23-6,17.1425,30.365,90.0,top
U25,STM32F303CBTx,LQFP-48_7x7mm_Pitch0.5mm,76.551031,-27.748474,270.0,top
U26,STM32F405VG,LQFP-100_14x14mm_Pitch0.5mm,43.31,15.68,270.0,top
U28,RT8259,SOT-23-6,8.075,8.1575,0.0,top
U29,USBLC6-4SC6,SOT-23-6,84.201031,-16.618474,180.0,top
U3,SI8621,SOIC-8-N,45.8,-7.175,180.0,top
U4,RT8259,SOT-23-6,86.886031,-32.305974,180.0,top
U5,LNK304D,SOIC-7,77.801031,-48.998474,270.0,top
U6,LM358,SOIC-8-N,63.81,21.43,0.0,top
U7,LM358,SOIC-8-N,63.81,4.93,0.0,top
U8,SN65176B,SOIC-8-N,78.06,31.43,270.0,top
U9,SN65176B,SOIC-8-N,78.06,36.93,270.0,top
Y1,8M,Crystal_SMD_0503_4Pads,64.801031,-27.248474,-90.0,top
Y2,8M,Crystal_SMD_0503_4Pads,27.81,15.43,0.0,top
